,title,unit,address,price,href
0,华西花园二期 4室2厅 东北,中楼层(共34层)|2011年建|4室2厅|140.32平米|东北,华西花园二期,190万|单价13540.5元/平米,https://cd.ke.com/ershoufang/106105800661.html
1,房子户型方正，南北朝向，有装修，标准套二,中楼层(共7层)|2000年建|2室1厅|63.84平米|东,芳草东街一号院,79万|单价12374.7元/平米,https://cd.ke.com/ershoufang/106105799740.html
2,恒大都汇华庭 1室1厅 东,低楼层(共50层)|2015年建|1室1厅|88平米|东,恒大都汇华庭,268万|单价30454.5元/平米,https://cd.ke.com/ershoufang/106105797144.html
3,四季映像精装修套三卧室带阳台通透户型,低楼层(共34层)|2012年建|3室1厅|85平米|东北,四季映像,122万|单价14352.9元/平米,https://cd.ke.com/ershoufang/106105795730.html
4,精装两室 中间楼层 业主诚意出售 看房方便 满两年,中楼层(共7层)|1997年建|2室1厅|81.27平米|南,枫林苑,94.5万|单价11627.9元/平米,https://cd.ke.com/ershoufang/106105795496.html
5,文旅城清水三房双卫 大阳台 朝中庭 看房方便,高楼层(共8层)3室1厅|123.19平米|东南,闲山悦五区,98万|单价7955.2元/平米,https://cd.ke.com/ershoufang/106105794412.html
6,上城生活馆 2室2厅 东,高楼层(共11层)|2004年建|2室2厅|83.74平米|东,上城生活馆,158万|单价18867.9元/平米,https://cd.ke.com/ershoufang/106105794313.html
7,东立国际花城 2室1厅 北,中楼层(共15层)|2015年建|2室1厅|87.5平米|北,东立国际花城,108万|单价12342.9元/平米,https://cd.ke.com/ershoufang/106105794200.html
8,无增 值税，人车分流，精装套二户型，拎包入住。,高楼层(共32层)|2016年建|2室1厅|65.63平米|北,保利林语溪一期,109万|单价16608.3元/平米,https://cd.ke.com/ershoufang/106105794006.html
9,东城家园 3室2厅 南,低楼层(共6层)|2007年建|3室2厅|124.06平米|南,东城家园,76万|单价6126.1元/平米,https://cd.ke.com/ershoufang/106105793852.html
10,江山多娇 3室1厅 南,高楼层(共17层)3室1厅|105平米|南,江山多娇,85万|单价8095.2元/平米,https://cd.ke.com/ershoufang/106105793725.html
11,依云 3室1厅 西南,中楼层(共28层)|2007年建|3室1厅|132.9平米|西南,依云,128万|单价9631.3元/平米,https://cd.ke.com/ershoufang/106105792979.html
12,彩叠园，精装婚房，带地暖带空调，改善户型，满二年,低楼层(共18层)|2013年建|3室1厅|117.79平米|南,彩叠园1B期,180万|单价15281.4元/平米,https://cd.ke.com/ershoufang/106105792919.html
13,抚琴西南路7号，户型方正，采光好，安静不临街,高楼层(共7层)|1996年建|2室1厅|56.75平米|东南,抚琴西南路7号,64.8万|单价11418.5元/平米,https://cd.ke.com/ershoufang/106105792432.html
14,泰基南棠 2室1厅 东南,中楼层(共16层)|2011年建|2室1厅|72.15平米|东南,泰基南棠,162万|单价22453.2元/平米,https://cd.ke.com/ershoufang/106105791455.html
15,万科二楼清水洋房，房东诚心出售,低楼层(共6层)|2007年建|4室1厅|157.29平米|东南,万科双水岸,188万|单价11952.4元/平米,https://cd.ke.com/ershoufang/106105791133.html
16,万基金蓝湾大套三，改成单卫了，房子保存好,中楼层(共18层)|2009年建|3室1厅|126平米|西南,万基金蓝湾,110万|单价8730.2元/平米,https://cd.ke.com/ershoufang/106105790974.html
17,居家装修，保养很好，可以直接入住，业主诚心卖,低楼层(共28层)|2013年建|3室1厅|79.52平米|东南,合能四季城一期,108万|单价13581.5元/平米,https://cd.ke.com/ershoufang/106105788653.html
18,北京城建龙樾湾 3室2厅 南,中楼层(共34层)|2014年建|3室2厅|97.68平米|南,北京城建龙樾湾,155万|单价15868.1元/平米,https://cd.ke.com/ershoufang/106105788569.html
19,和裕印象 3室1厅 南,中楼层(共26层)3室1厅|92.33平米|南,和裕印象,60万|单价6498.4元/平米,https://cd.ke.com/ershoufang/106105787798.html
20,瑞通凯域，标准大套三，户型方正，采光充足。,低楼层(共11层)|2006年建|3室1厅|120.55平米|北,瑞通凯域,185万|单价15346.3元/平米,https://cd.ke.com/ershoufang/106105787779.html
21,五津站 套四 次卧看湿地公园主卧客对中庭,低楼层(共15层)|2018年建|4室2厅|119平米|东南,新筑鼎峰,116万|单价9747.9元/平米,https://cd.ke.com/ershoufang/106105787491.html
22,和裕印象 2室1厅 东南,低楼层(共26层)2室1厅|74.07平米|东南,和裕印象,43万|单价5805.3元/平米,https://cd.ke.com/ershoufang/106105787423.html
23,高新紫竹苑中庭低楼层双卫朝南大三居,低楼层(共7层)|2001年建|3室2厅|129.04平米|南,紫竹苑,205万|单价15886.5元/平米,https://cd.ke.com/ershoufang/106105787133.html
24,润莱金座精装套二，业主诚心可谈。,中楼层(共19层)|2016年建|3室1厅|111.31平米|西北,润莱金座,245万|单价22010.6元/平米,https://cd.ke.com/ershoufang/106105787028.html
25,天府新区华阳观景苑一期套三双卫通透户型,中楼层(共6层)|2015年建|3室2厅|134.86平米|西南,观景苑一期,150万|单价11122.6元/平米,https://cd.ke.com/ershoufang/106105786829.html
26,汉嘉国际 3室2厅 北,低楼层(共33层)|2018年建|3室2厅|129.13平米|北,汉嘉国际,176万|单价13629.7元/平米,https://cd.ke.com/ershoufang/106105786610.html
27,此房满二，户型方正格局好，东南朝向，对小区中庭。,中楼层(共30层)|2016年建|3室2厅|100.28平米|东南西南,恒大新城一期,142万|单价14160.4元/平米,https://cd.ke.com/ershoufang/106105786377.html
28,三环内测大套二，安静不吵，带大阳台,中楼层(共11层)|2008年建|2室2厅|85.39平米|西南,尚东美林一区,108万|单价12647.9元/平米,https://cd.ke.com/ershoufang/106105786326.html
29,东客站 地铁口 100米 4楼采光好 对中庭,低楼层(共18层)|2008年建|2室1厅|84.69平米|东北,东方新城二期,104万|单价12280.1元/平米,https://cd.ke.com/ershoufang/106105786058.html
30,南湖世纪 3室1厅 南,高楼层(共33层)|2020年建|3室1厅|109.7平米|南,南湖世纪,207万|单价18869.6元/平米,https://cd.ke.com/ershoufang/106105785672.html
31,雅居乐十里花巷 3室1厅 北 南,低楼层(共33层)|2016年建|3室1厅|124.33平米|北南,雅居乐十里花巷,170万|单价13673.3元/平米,https://cd.ke.com/ershoufang/106105785215.html
32,鑫苑鑫都汇南区 3室1厅 南,低楼层(共33层)|2017年建|3室1厅|84.77平米|南,鑫苑鑫都汇南区,185万|单价21823.8元/平米,https://cd.ke.com/ershoufang/106105785211.html
33,地铁口，蓝光sofa社区，精装修套二，带家具家电,中楼层(共20层)|2011年建|2室1厅|78.04平米|东,蓝光SOFA社区,158万|单价20246元/平米,https://cd.ke.com/ershoufang/106105785164.html
34,金水湾 3室2厅 东南,高楼层(共18层)|2011年建|3室2厅|123平米|东南,金水湾,125万|单价10162.6元/平米,https://cd.ke.com/ershoufang/106105785061.html
35,摩根套二出售  户型方正不临街  适合居家户型通透,高楼层(共40层)|2012年建|2室1厅|88.7平米|东南,摩根中心,165万|单价18602元/平米,https://cd.ke.com/ershoufang/106105784851.html
36,绿地世纪城 优质套三 中高楼层 保养好,高楼层(共20层)|2016年建|3室1厅|86.84平米|东,绿地世纪城,157万|单价18079.2元/平米,https://cd.ke.com/ershoufang/106105784827.html
37,海峡新城二期 3室1厅 东南 东,高楼层(共6层)|2007年建|3室1厅|124.88平米|东南东,海峡新城二期,98万|单价7847.5元/平米,https://cd.ke.com/ershoufang/106105784632.html
38,溪地湾 3室2厅 西南 东北,低楼层(共33层)|2016年建|3室2厅|88.5平米|西南东北,溪地湾,153万|单价17288.1元/平米,https://cd.ke.com/ershoufang/106105784429.html
39,华润居家套三，楼层高，采光好，视野开阔,高楼层(共32层)|2013年建|3室1厅|88.43平米|西南,华润二十四城四期,245万|单价27705.5元/平米,https://cd.ke.com/ershoufang/106105784290.html
40,优品尚东朝南精装套三带家具出售,中楼层(共34层)|2012年建|3室1厅|91.68平米|西南,隆鑫九熙,178万|单价19415.4元/平米,https://cd.ke.com/ershoufang/106105784218.html
41,通透精装套二  一梯两户 11层到顶,低楼层(共11层)|2009年建|2室2厅|95.49平米|北南,上东阳光三期,126万|单价13195.1元/平米,https://cd.ke.com/ershoufang/106105784092.html
42,首开龙湖天璞 3室0厅 西南,中楼层(共30层)|2020年建|3室0厅|82.71平米|西南,首开龙湖天璞,107万|单价12936.8元/平米,https://cd.ke.com/ershoufang/106105783983.html
43,精装房，罕见层高3米3加大落地窗，采光视觉感超好,高楼层(共30层)|2015年建|3室1厅|86.18平米|西,阳光100米娅中心二期,178万|单价20654.4元/平米,https://cd.ke.com/ershoufang/106105783793.html
44,1楼，采光还可以，装修保养一般，，朝西南,低楼层(共7层)|2000年建|2室1厅|70.52平米|西南,交大智能六期,78万|单价11060.7元/平米,https://cd.ke.com/ershoufang/106105783621.html
45,香月楠岸+两居室+户型方正+看房预约,低楼层(共21层)|2009年建|2室1厅|88.08平米|东,香月楠岸,138万|单价15667.6元/平米,https://cd.ke.com/ershoufang/106105783514.html
46,1楼，采光还可以，装修保养不错，，朝南。,低楼层(共7层)|2000年建|2室1厅|69.85平米|东南,交大智能六期,80万|单价11453.1元/平米,https://cd.ke.com/ershoufang/106105783447.html
47,加州花园 2室1厅 东南,高楼层(共23层)2室1厅|87.87平米|东南,加州花园,89.8万|单价10219.6元/平米,https://cd.ke.com/ershoufang/106105783334.html
48,二环路北一段153号，标准套三，简单装修          。,中楼层(共7层)|1997年建|3室2厅|76.6平米|东南,二环路北一段153号,90万|单价11749.3元/平米,https://cd.ke.com/ershoufang/106105783340.html
49,此房为标准套三双卫，采光好户型方正，满二,低楼层(共17层)|2010年建|3室1厅|110平米|东南,西郡兰庭,112万|单价10181.8元/平米,https://cd.ke.com/ershoufang/106105783270.html
50,装修好，安静，户型方正，动景分区 ，配套设施齐全,高楼层(共22层)|2007年建|1室1厅|61平米|东南,幸福彼岸,88万|单价14426.2元/平米,https://cd.ke.com/ershoufang/106105782927.html
51,精装套三，价格优质，户型方正，房东诚心出售,中楼层(共33层)|2016年建|3室2厅|87.39平米|西南,地铁首座,112万|单价12816.1元/平米,https://cd.ke.com/ershoufang/106105782431.html
52,温江新城新小区精装修大套三诚心出售,高楼层(共42层)|2017年建|3室1厅|106.68平米|东南,星光华印象,157.8万|单价14791.9元/平米,https://cd.ke.com/ershoufang/106105782186.html
53,中德麓府清水套二 户型方正 视野好,中楼层(共32层)|2018年建|2室1厅|67.64平米|南,中德麓府,110万|单价16262.6元/平米,https://cd.ke.com/ershoufang/106105781770.html
54,学府芳邻仅有的几套方正户型楼层适中采光还不错的套二,中楼层(共6层)|2004年建|2室1厅|71.58平米|东南,学府芳邻社区,108万|单价15088元/平米,https://cd.ke.com/ershoufang/106105781609.html
55,龙湖套三单卫，精装修带简单家具，屋里配置自买可选,低楼层(共23层)|2013年建|3室2厅|105平米|北,龙湖北城天街二期,198万|单价18857.1元/平米,https://cd.ke.com/ershoufang/106105781573.html
56,华侨城东岸一期 3室1厅 西南,中楼层(共4层)|2011年建|3室1厅|150.58平米|西南,华侨城东岸一期,420万|单价27892.2元/平米,https://cd.ke.com/ershoufang/106105781519.html
57,玉林有装修，套二，中间楼层，不临街,中楼层(共7层)|1996年建|2室1厅|71平米|东,天府南苑,100万|单价14084.5元/平米,https://cd.ke.com/ershoufang/106105781443.html
58,金沙鹭岛四期 3室1厅 南,中楼层(共32层)|2017年建|3室1厅|119.41平米|南,金沙鹭岛四期,330万|单价27635.9元/平米,https://cd.ke.com/ershoufang/106105781258.html
59,成都合院公园里 3室2厅 东南,低楼层(共18层)|2015年建|3室2厅|87平米|东南,成都合院公园里,125万|单价14367.8元/平米,https://cd.ke.com/ershoufang/106105781236.html
60,滨河苑(柏条河南路中段) 3室1厅 东南,高楼层(共4层)3室1厅|107.96平米|东南,滨河苑(柏条河南路中段),66万|单价6113.4元/平米,https://cd.ke.com/ershoufang/106105780702.html
61,圃园路6号，户型方正，采光好，居家装修可入住,高楼层(共7层)|2000年建|2室2厅|82.65平米|南北,圃园路6号院,85万|单价10284.3元/平米,https://cd.ke.com/ershoufang/106105780584.html
62,龙泉新城 四季康城 套四双卫 拎包入住,高楼层(共33层)|2013年建|4室1厅|121平米|南北,四季康城,153万|单价12644.6元/平米,https://cd.ke.com/ershoufang/106105780574.html
63,科泰公寓，一环边地铁口，不临街，交通便利，适宜居家,高楼层(共7层)|2000年建|3室2厅|112.4平米|南,科泰公寓,116万|单价10320.3元/平米,https://cd.ke.com/ershoufang/106105780369.html
64,翰林上岛 3室2厅 西,高楼层(共16层)|2008年建|3室2厅|110平米|西,翰林上岛,140万|单价12727.3元/平米,https://cd.ke.com/ershoufang/106105780205.html
65,钰邸华府装修套二，家具家电全带，看房有钥匙,高楼层(共18层)|2012年建|2室2厅|88.98平米|南北,钰邸华府,88.5万|单价9946.1元/平米,https://cd.ke.com/ershoufang/106105779691.html
66,滨河花园中内跃带屋顶花园，精装修,高楼层(共6层)4室2厅|154.52平米|西北,华阳滨河花园,198万|单价12813.9元/平米,https://cd.ke.com/ershoufang/106105779561.html
67,天府新区装修套二，户型方正，+满2年。,低楼层(共32层)|2016年建|2室1厅|84.03平米|东,远大中央公园一期,190万|单价22611元/平米,https://cd.ke.com/ershoufang/106105779232.html
68,世茂城一期 2室1厅 东南,低楼层(共32层)|2012年建|2室1厅|80.68平米|东南,世茂城一期,110万|单价13634.1元/平米,https://cd.ke.com/ershoufang/106105779132.html
69,急售  房东急售，精装套三，拎包入住。,中楼层(共26层)3室1厅|106.93平米|东南,海伦国际二期,126.9万|单价11867.6元/平米,https://cd.ke.com/ershoufang/106105779016.html
70,东郊记忆 红枫岭 新上套二 诚心出售,低楼层(共33层)|2009年建|2室1厅|89.64平米|东北,红枫岭三期,137万|单价15283.4元/平米,https://cd.ke.com/ershoufang/106105779015.html
71,格兰玺城 2室2厅 东南,高楼层(共24层)|2013年建|2室2厅|92.4平米|东南,格兰玺城,99万|单价10714.3元/平米,https://cd.ke.com/ershoufang/106105778860.html
72,单价仅1W4，  双地铁口，精装大套三双卫，,中楼层(共18层)|2008年建|3室2厅|124.2平米|北,布鲁汀,178万|单价14331.7元/平米,https://cd.ke.com/ershoufang/106105778662.html
73,驷马桥兴元华盛，精装套三，保养好，朝南,高楼层(共18层)|2009年建|3室2厅|103.17平米|南,兴元华盛二期,145万|单价14054.5元/平米,https://cd.ke.com/ershoufang/106105778530.html
74,居家装修，直接入住，采光视野好,高楼层(共34层)|2012年建|3室1厅|87.01平米|西南,果壳里的城,143万|单价16434.9元/平米,https://cd.ke.com/ershoufang/106105778511.html
75,大源优质好房，精装套二，户型方正，采光好。,中楼层(共32层)|2016年建|2室1厅|74平米|东南,清凤时代城,175万|单价23648.6元/平米,https://cd.ke.com/ershoufang/106105778480.html
76,前后不临街 中间楼层 户型好 带阳台,低楼层(共6层)|1999年建|2室1厅|57.59平米|东,互利西一巷8号,63万|单价10939.4元/平米,https://cd.ke.com/ershoufang/106105778175.html
77,户型方正，采光不错，交通便利，房东诚心出售,高楼层(共8层)3室2厅|109.6平米|东南,中铁二局小区,52万|单价4744.5元/平米,https://cd.ke.com/ershoufang/106105777850.html
78,双阳台大套二户型  明厨明卫   主卧室对中庭朝南,低楼层(共33层)|2012年建|2室1厅|86.81平米|东北,华都美林湾,155万|单价17855.1元/平米,https://cd.ke.com/ershoufang/106105777818.html
79,沙河明珠带大阳台，公园房视野开阔,低楼层(共18层)|2008年建|3室1厅|116.1平米|东,沙河明珠,172万|单价14814.8元/平米,https://cd.ke.com/ershoufang/106105777779.html
80,五块石 商品房 大套三双卫 超低总价 龙湖配套,中楼层(共7层)|2001年建|3室2厅|113.79平米|南,智业福地,115万|单价10106.3元/平米,https://cd.ke.com/ershoufang/106105777349.html
81,中华名园  电梯套四，户型方正，带阳台,中楼层(共11层)|2006年建|4室2厅|149.55平米|西南,中华名园一期,259万|单价17318.6元/平米,https://cd.ke.com/ershoufang/106105777324.html
82,橡树林旁摩玛城对中庭套二急售！！纯清水房,高楼层(共33层)|2011年建|2室1厅|78.47平米|东,摩玛城,155万|单价19752.8元/平米,https://cd.ke.com/ershoufang/106105777288.html
83,光明城市精装房套三，朝南采光好,高楼层(共33层)|2016年建|3室1厅|119.59平米|南,金茂光明城市,220万|单价18396.2元/平米,https://cd.ke.com/ershoufang/106105777246.html
84,橡树林旁摩玛城急售房！！大套一对中庭安静装修好,高楼层(共33层)|2011年建|1室1厅|61.41平米|东,摩玛城,118万|单价19215.1元/平米,https://cd.ke.com/ershoufang/106105777232.html
85,万科楼盘+精装套四+顶楼花园+子母车位,高楼层(共18层)|2018年建|4室1厅|126平米|东南,万科国宾润园,425万|单价33730.2元/平米,https://cd.ke.com/ershoufang/106105777172.html
86,橡树湾简装套四+中间楼层+采光视野好,中楼层(共34层)|2013年建|4室1厅|81.73平米|东南,华润橡树湾B区,145万|单价17741.3元/平米,https://cd.ke.com/ershoufang/106105777145.html
87,桂湖名城一期 3室1厅 东南,高楼层(共33层)3室1厅|131.23平米|东南,桂湖名城一期,133万|单价10134.9元/平米,https://cd.ke.com/ershoufang/106105777070.html
88,美丽南庭套四 一梯两户 前后中庭,中楼层(共11层)|2009年建|4室2厅|163.83平米|东西,美丽南庭,287万|单价17518.2元/平米,https://cd.ke.com/ershoufang/106105776962.html
89,五彩城 3室1厅 东南,高楼层(共32层)3室1厅|113.71平米|东南,五彩城,150万|单价13191.5元/平米,https://cd.ke.com/ershoufang/106105776938.html
90,亚洲湾装修套三双卫，业主诚心出售。,低楼层(共32层)|2017年建|3室1厅|84.53平米|东南,洲际亚洲湾B区,110万|单价13013.1元/平米,https://cd.ke.com/ershoufang/106105776886.html
91,湖景房，精装修，带车位，满两年,中楼层(共33层)3室1厅|124平米|东,鹭湖宫十一区,145万|单价11693.5元/平米,https://cd.ke.com/ershoufang/106105776822.html
92,朝东，急售，配套成熟。。巴适的板。。,低楼层(共26层)|2012年建|3室1厅|90.85平米|东,天府香城印象,91万|单价10016.5元/平米,https://cd.ke.com/ershoufang/106105776769.html
93,蓝光诺丁山 3室1厅 东南,中楼层(共11层)|2005年建|3室1厅|118平米|东南,蓝光诺丁山,200万|单价16949.2元/平米,https://cd.ke.com/ershoufang/106105776659.html
94,三楼带平台的清水套三，双卫，挨公园,低楼层(共30层)3室1厅|90.5平米|东,源上湾国际社区万融城B区,110万|单价12154.7元/平米,https://cd.ke.com/ershoufang/106105776513.html
95,都会风尚 2室1厅 东 西 北,低楼层(共32层)|2009年建|2室1厅|89.1平米|东西北,都会风尚,260万|单价29180.7元/平米,https://cd.ke.com/ershoufang/106105776436.html
96,天府新区 华府大道地铁口 软件园精装四房双卫南北通透,中楼层(共39层)|2013年建|4室1厅|147.89平米|南北,三利云锦,436万|单价29481.4元/平米,https://cd.ke.com/ershoufang/106105776353.html
97,标准套二，户型好，中间楼层，采光视野好。,中楼层(共26层)|2015年建|2室1厅|52平米|东北,时代睿城,73万|单价14038.5元/平米,https://cd.ke.com/ershoufang/106105776104.html
98,单价7600买装修房！拿到就收租金,中楼层(共32层)|2016年建|2室1厅|80.6平米|西南东北,誉府仕家,63万|单价7816.4元/平米,https://cd.ke.com/ershoufang/106105775805.html
99,凤凰湖畔，品质小区，满二对小区中庭，视野开阔,中楼层(共33层)|2017年建|3室2厅|95平米|南,誉府仕家,104万|单价10947.4元/平米,https://cd.ke.com/ershoufang/106105775696.html
100,合能耀之城套三 双面对中庭 安静采光好,中楼层(共18层)|2010年建|3室2厅|62.78平米|南北,合能耀之城,138万|单价21981.5元/平米,https://cd.ke.com/ershoufang/106105775524.html
101,首创国际城二期 精装三居室 横厅设计 主卧带阳台,中楼层(共34层)|2011年建|3室2厅|86.11平米|南,首创国际城二期,160万|单价18580.9元/平米,https://cd.ke.com/ershoufang/106105775487.html
102,对中庭，可看锦江，小区位置好，岛居生活，出入方便,低楼层(共38层)|2017年建|4室1厅|149.37平米|东南,复地金融岛,560万|单价37490.8元/平米,https://cd.ke.com/ershoufang/106105775377.html
103,恒大新城二期 三室两厅 小区环境干净舒适 适合居住,高楼层(共32层)|2016年建|3室2厅|119.91平米|西南,恒大新城二期,162万|单价13510.1元/平米,https://cd.ke.com/ershoufang/106105775317.html
104,心灵家园 2室1厅 北,低楼层(共20层)|2013年建|2室1厅|81.83平米|北,心灵家园,143万|单价17475.3元/平米,https://cd.ke.com/ershoufang/106105775284.html
105,青羊区 府南河边 明厨明卫  交通出行方便 适宜居住,高楼层(共7层)|1996年建|3室2厅|94.64平米|东北,太升北路33号,102万|单价10777.7元/平米,https://cd.ke.com/ershoufang/106105775249.html
106,朗基天香 3室1厅 南,高楼层(共33层)3室1厅|97.63平米|南,朗基天香,280万|单价28679.7元/平米,https://cd.ke.com/ershoufang/106105775162.html
107,满两年+超大平台+免费车位，保存好，看房方便,低楼层(共26层)|2016年建|3室1厅|71.64平米|东南,宇众悦城,120万|单价16750.4元/平米,https://cd.ke.com/ershoufang/106105775072.html
108,北欧知识城二期 3室1厅 东,中楼层(共34层)|2013年建|3室1厅|87.64平米|东,北欧知识城二期,95万|单价10839.8元/平米,https://cd.ke.com/ershoufang/106105775088.html
109,中铁二局玛塞城小区里优质精装套二,低楼层(共33层)|2015年建|2室2厅|65.95平米|东南,中铁二局玛塞城,140万|单价21228.2元/平米,https://cd.ke.com/ershoufang/106105774205.html
110,15年新小区，户型方正，套三双卫，精装修， 安静,中楼层(共34层)|2015年建|3室2厅|97.04平米|南,中国水电泛悦国际,285万|单价29369.3元/平米,https://cd.ke.com/ershoufang/106105774214.html
111,一环内90万标准套三，小区可停车，小区环境好,高楼层(共7层)|1996年建|3室1厅|72.27平米|南,筒车巷29号,90万|单价12453.3元/平米,https://cd.ke.com/ershoufang/106105774048.html
112,经典套三双卫，高楼层采光好，对中庭安静不临街,高楼层(共33层)3室1厅|106.77平米|东,远大中央公园一期,210.8万|单价19743.4元/平米,https://cd.ke.com/ershoufang/106105774034.html
113,茶店子家在回廊，一楼套三双卫，业主急售,低楼层(共7层)|2002年建|3室2厅|102.83平米|东南,明阳家在回廊,137万|单价13323元/平米,https://cd.ke.com/ershoufang/106105773728.html
114,此房产权清晰，满五年，全装修 诚意出售,高楼层(共8层)|1990年建|2室2厅|58.73平米|东,棉麻公司,47万|单价8002.7元/平米,https://cd.ke.com/ershoufang/106105773683.html
115,师友路3号 3室1厅 东南,中楼层(共7层)3室1厅|76平米|东南,师友路3号,95万|单价12500元/平米,https://cd.ke.com/ershoufang/106105773324.html
116,居家装修套二转角阳台户型房东诚心,高楼层(共33层)|2012年建|2室1厅|59.36平米|东南,隆兴嘉苑,75万|单价12634.8元/平米,https://cd.ke.com/ershoufang/106105773225.html
117,温江千禧河畔  装修房    套二可做套三,高楼层(共33层)2室2厅|81.2平米|东南,千禧河畔C区,110万|单价13546.8元/平米,https://cd.ke.com/ershoufang/106105773187.html
118,万科金色城市二期 3室2厅 东南,中楼层(共35层)|2017年建|3室2厅|79.5平米|东南,万科金色城市二期,142万|单价17861.6元/平米,https://cd.ke.com/ershoufang/106105773006.html
119,地铁口 精装套三 未入住 中间楼层 满二 近家乐福,中楼层(共32层)|2014年建|3室1厅|82平米|东,北欧印象,119万|单价14512.2元/平米,https://cd.ke.com/ershoufang/106105773002.html
120,丽水青城 4室2厅 东南,中楼层(共4层)4室2厅|157.22平米|东南,丽水青城,104万|单价6614.9元/平米,https://cd.ke.com/ershoufang/106105772900.html
121,华西集团单位房，标准套四，安静不临街，看房提前约,中楼层(共7层)4室1厅|99.63平米|南,解放路二段95号,168万|单价16862.4元/平米,https://cd.ke.com/ershoufang/106105772574.html
122,新界三期 3室1厅 南,中楼层(共8层)|2011年建|3室1厅|111.95平米|南,新界三期,255万|单价22778元/平米,https://cd.ke.com/ershoufang/106105772556.html
123,新里柏仕公馆 2室1厅 东 西南,中楼层(共32层)|2011年建|2室1厅|74.19平米|东西南,新里柏仕公馆,145万|单价19544.4元/平米,https://cd.ke.com/ershoufang/106105772325.html
124,新都国际广场售房   简装出售,低楼层(共29层)2室1厅|77.29平米|东南,新都国际广场二期,82万|单价10609.4元/平米,https://cd.ke.com/ershoufang/106105771962.html
125,户型方正，采光很好，对中庭，安静不吵，带一楼仓库,低楼层(共6层)|2004年建|4室2厅|124.97平米|东南,金色池塘,169万|单价13523.2元/平米,https://cd.ke.com/ershoufang/106105771933.html
126,府河金庐 2室1厅 东南,高楼层(共6层)|2005年建|2室1厅|91平米|东南,府河金庐,76万|单价8351.6元/平米,https://cd.ke.com/ershoufang/106105771786.html
127,高新中和标准套二 满五唯一 带个车位 看环球,中楼层(共32层)|2011年建|2室1厅|74.25平米|西,新港国际花园,142万|单价19124.6元/平米,https://cd.ke.com/ershoufang/106105771691.html
128,精装，靠小区中庭，安静，出门交通便利,中楼层(共22层)|2007年建|2室2厅|85.69平米|南,幸福彼岸,110.8万|单价12930.3元/平米,https://cd.ke.com/ershoufang/106105771409.html
129,天府新区 光明城市 套二 有装修，正朝南 有阳台,低楼层(共27层)|2016年建|2室1厅|89平米|南,金茂光明城市,170万|单价19101.1元/平米,https://cd.ke.com/ershoufang/106105770975.html
130,三环内侧 多层套二  户型方正 南向,高楼层(共6层)|2003年建|2室1厅|68.24平米|南,顺江新苑A区,75万|单价10990.6元/平米,https://cd.ke.com/ershoufang/106105770952.html
131,摩玛城 3室1厅 东,低楼层(共34层)|2011年建|3室1厅|134.15平米|东,摩玛城,325万|单价24226.6元/平米,https://cd.ke.com/ershoufang/106105770847.html
132,丽水金都 3室1厅 西南,中楼层(共26层)3室1厅|133.22平米|西南,丽水金都,120万|单价9007.7元/平米,https://cd.ke.com/ershoufang/106105770836.html
133,国际名都 3室1厅 南 北,高楼层(共18层)|2001年建|3室1厅|128平米|南北,国际名都,170万|单价13281.3元/平米,https://cd.ke.com/ershoufang/106105770767.html
134,十里画卷精装套二，中间楼层，朝南，带车位,中楼层(共17层)|2016年建|2室1厅|58.28平米|南,隆鑫十里画卷,110万|单价18874.4元/平米,https://cd.ke.com/ershoufang/106105770591.html
135,牡丹名邸 精装套二双卫带小书房 改善户型 拎包入住,高楼层(共9层)|2001年建|2室1厅|107.14平米|北南,牡丹名邸,175万|单价16333.8元/平米,https://cd.ke.com/ershoufang/106105770542.html
136,棕南正街8号户型方正，南北向低楼层，诚心出售,低楼层(共7层)|1998年建|2室2厅|72.76平米|南,棕南正街8号,110万|单价15118.2元/平米,https://cd.ke.com/ershoufang/106105770213.html
137,低楼层带花园，户型方正南北向，适合居家,低楼层(共7层)|1998年建|2室2厅|72.76平米|南,棕南正街8号,120万|单价16492.6元/平米,https://cd.ke.com/ershoufang/106105770184.html
138,一江两公园 标准套四 户型通透  中高楼层视野好,高楼层(共44层)|2015年建|4室1厅|187平米|南,世茂玉锦湾一期,586万|单价31336.9元/平米,https://cd.ke.com/ershoufang/106105770122.html
139,政府旁 套三双卫 得房率高 随时看房,低楼层(共30层)|2012年建|3室2厅|86.35平米|东南,中森光华1号,140万|单价16213.1元/平米,https://cd.ke.com/ershoufang/106105770033.html
140,锦江城市花园二期，套二，中间楼层,中楼层(共34层)|2011年建|2室2厅|72.13平米|东北,锦江城市花园二期,122万|单价16913.9元/平米,https://cd.ke.com/ershoufang/106105769859.html
141,恒大天府半岛 清水套三 阳台大,高楼层(共29层)|2009年建|3室1厅|125.72平米|东北,恒大天府半岛,218万|单价17340.1元/平米,https://cd.ke.com/ershoufang/106105769872.html
142,清水跃层.带屋顶花园，视野无遮挡，采光好,高楼层(共18层)|2012年建|3室1厅|169.06平米|南,龙博御景,165万|单价9759.8元/平米,https://cd.ke.com/ershoufang/106105769815.html
143,万科衣帽间  位置安静对中庭  带家具家电  诚心出售,低楼层(共35层)|2015年建|2室1厅|60.1平米|西,万科海悦汇城西区,150万|单价24958.4元/平米,https://cd.ke.com/ershoufang/106105769611.html
144,户型方正，出行方便，交通便利，居住方便舒适。,中楼层(共4层)|2004年建|3室2厅|125.69平米|东东南,银海公寓,78万|单价6205.7元/平米,https://cd.ke.com/ershoufang/106105769514.html
145,户型方正通透 大品牌装修 顶楼带屋顶花园  空间大,高楼层(共6层)3室1厅|128.36平米|西,华银美景,199万|单价15503.3元/平米,https://cd.ke.com/ershoufang/106105769444.html
146,清水大套二，对中庭视野开阔，房东诚心卖,高楼层(共47层)2室1厅|88平米|西北,中德英伦联邦C区,163万|单价18522.7元/平米,https://cd.ke.com/ershoufang/106105769403.html
147,东三环内侧，大套二，进门带入户，客厅带阳台,中楼层(共11层)|2008年建|2室2厅|89.08平米|东南,尚东美林一区,115万|单价12909.7元/平米,https://cd.ke.com/ershoufang/106105769349.html
148,凤凰新城  小高层 湖景房 小高层洋房品质小区,中楼层(共18层)3室2厅|82.8平米|东南,蝴蝶洲,66万|单价7971元/平米,https://cd.ke.com/ershoufang/106105769192.html
149,景尚景地铁口业主精装自住套三双卫的房子,低楼层(共33层)|2012年建|3室1厅|106.71平米|西南,景尚景一期,125万|单价11714元/平米,https://cd.ke.com/ershoufang/106105769155.html
150,北郡 3室2厅 东南,高楼层(共9层)3室2厅|128.35平米|东南,北郡,108.8万|单价8476.8元/平米,https://cd.ke.com/ershoufang/106105769147.html
151,西华枫林，大套二，户型方正采光好,中楼层(共6层)|2001年建|2室2厅|88.35平米|东南,西华枫林,88万|单价9960.4元/平米,https://cd.ke.com/ershoufang/106105769056.html
152,上锦颐园佳境满两年产权在手，随时可以签合同,高楼层(共26层)|2012年建|3室2厅|127.43平米|东南,上锦颐园佳境,135万|单价10594.1元/平米,https://cd.ke.com/ershoufang/106105768929.html
153,凤凰名城 2室1厅 西南,高楼层(共25层)|2016年建|2室1厅|83.98平米|西南,凤凰名城,60万|单价7144.6元/平米,https://cd.ke.com/ershoufang/106105768921.html
154,一环内 建科院单位房 标准套三 小区可停车,中楼层(共8层)|2000年建|3室1厅|100.04平米|南,恒德路6号,108万|单价10795.7元/平米,https://cd.ke.com/ershoufang/106105768913.html
155,此房是高楼层，位置安静，客厅带阳台，主卧朝南采光好,高楼层(共30层)|2013年建|2室1厅|93.26平米|南,奥克斯广场,255万|单价27342.9元/平米,https://cd.ke.com/ershoufang/106105768679.html
156,三利麓山城本草荟 3室2厅 西北,高楼层(共32层)3室2厅|135平米|西北,三利麓山城本草荟,260万|单价19259.3元/平米,https://cd.ke.com/ershoufang/106105768653.html
157,精装套一改套二+采光视野开阔+园林小区,高楼层(共7层)|2001年建|1室1厅|59.46平米|南,交大智能四期,88万|单价14799.9元/平米,https://cd.ke.com/ershoufang/106105768457.html
158,千禧河畔B区 3室2厅 西,中楼层(共33层)|2015年建|3室2厅|81.75平米|西,千禧河畔B区,120万|单价14678.9元/平米,https://cd.ke.com/ershoufang/106105768445.html
159,珠江御景湾，精装修，端头位置，朝南，带地暖车位,中楼层(共31层)|2015年建|3室2厅|144.47平米|西南,珠江御景湾,290万|单价20073.4元/平米,https://cd.ke.com/ershoufang/106105768383.html
160,万科五龙山翡翠郡 3室1厅 南,中楼层(共9层)3室1厅|93.76平米|南,万科五龙山翡翠郡,120万|单价12798.6元/平米,https://cd.ke.com/ershoufang/106105768355.html
161,龙樾湾清水套四 高楼层 户型方正 采光好,高楼层(共37层)|2014年建|4室2厅|141.31平米|东西,北京城建龙樾湾,206万|单价14577.9元/平米,https://cd.ke.com/ershoufang/106105768316.html
162,新上套三双卫户型，保养好，满两年,中楼层(共38层)|2016年建|3室2厅|77.07平米|南,蓝光coco国际二期,151万|单价19592.6元/平米,https://cd.ke.com/ershoufang/106105768269.html
163,大湖区客厅带阳台，户型方正，基础装修,高楼层(共18层)|2012年建|3室1厅|106.58平米|北,御源大湖区,180万|单价16888.7元/平米,https://cd.ke.com/ershoufang/106105768239.html
164,锦绣楠郡居家装修，客厅带阳台，套一改套三,低楼层(共18层)|2009年建|3室1厅|56.26平米|东南,锦绣楠郡,58.8万|单价10451.5元/平米,https://cd.ke.com/ershoufang/106105768231.html
165,中海右岸3期+装修带家具家电+未满2+户型方正,中楼层(共26层)|2018年建|2室2厅|72平米|北,中信城右岸,133万|单价18472.2元/平米,https://cd.ke.com/ershoufang/106105768190.html
166,单价不到六千买大套三，楼下就是市场，看房提前约,高楼层(共6层)3室2厅|95.53平米|东,长流河小区,55万|单价5757.4元/平米,https://cd.ke.com/ershoufang/106105767975.html
167,天立香缇华府 3室1厅 东南,中楼层(共23层)|2016年建|3室1厅|88.19平米|东南,天立香缇华府,103万|单价11679.3元/平米,https://cd.ke.com/ershoufang/106105767943.html
168,锦城名都 2室1厅 西北,低楼层(共32层)|2008年建|2室1厅|85.74平米|西北,锦城名都,165万|单价19244.2元/平米,https://cd.ke.com/ershoufang/106105767896.html
169,此房通透格局，视野宽阔，采光充足，配套设施齐。,高楼层(共6层)2室2厅|72.05平米|东南,馨碧苑,69万|单价9576.7元/平米,https://cd.ke.com/ershoufang/106105767321.html
170,武侯民居 2室1厅 西北,中楼层(共7层)|2003年建|2室1厅|75.82平米|西北,武侯民居,85万|单价11210.8元/平米,https://cd.ke.com/ershoufang/106105767755.html
171,实用老套三改大套二  邻新华公园万年场水碾河双桥子,高楼层(共6层)2室1厅|62.82平米|南,双林中横路8号,78万|单价12416.4元/平米,https://cd.ke.com/ershoufang/106105767682.html
172,景中路199号 3室1厅 东南,中楼层(共5层)3室1厅|95平米|东南,景中路199号,79万|单价8315.8元/平米,https://cd.ke.com/ershoufang/106105767678.html
173,绿地世纪城套三坐北朝南精装带地暖,低楼层(共20层)|2016年建|3室2厅|86.61平米|南,绿地世纪城,186万|单价21475.6元/平米,https://cd.ke.com/ershoufang/106105767674.html
174,三友小区  商品房  中楼层  大套三,中楼层(共7层)|1999年建|3室2厅|119.12平米|东南西南,三友小区,122.8万|单价10308.9元/平米,https://cd.ke.com/ershoufang/106105767584.html
175,房屋对中庭，园林式小区，交通配套完善，标准套三。,低楼层(共7层)3室2厅|83.45平米|东南,沙河凤凰城,85万|单价10185.7元/平米,https://cd.ke.com/ershoufang/106105767580.html
176,东2.5环理工大旁，次新小区套二，对中庭视野无遮挡,高楼层(共32层)|2015年建|2室1厅|81.34平米|东南,富临理宫,150万|单价18441.1元/平米,https://cd.ke.com/ershoufang/106105767525.html
177,公园大道精装套二，主卧带衣帽间,中楼层(共21层)|2012年建|3室1厅|87.9平米|南,公园大道,123万|单价13993.2元/平米,https://cd.ke.com/ershoufang/106105767474.html
178,正成东区1号 3室1厅 东南,中楼层(共26层)3室1厅|87.93平米|东南,正成东区1号,157万|单价17855.1元/平米,https://cd.ke.com/ershoufang/106105767195.html
179,棕南西街中间楼层套三，保养好，采光好,中楼层(共7层)3室1厅|91.07平米|南,棕南西街1号,140万|单价15372.8元/平米,https://cd.ke.com/ershoufang/106105767142.html
180,地铁口 新小区 精装套二 诚心出售,高楼层(共25层)|2016年建|2室1厅|76.62平米|东,成都新天地二期春天里,130万|单价16966.8元/平米,https://cd.ke.com/ershoufang/106105766687.html
181,贝森园新上大套二  装修保养好 采光好,高楼层(共7层)|2000年建|2室1厅|90.16平米|北,贝森园,138万|单价15306.1元/平米,https://cd.ke.com/ershoufang/106105766660.html
182,住家精装修，套二，直接拎包入住,低楼层(共33层)|2014年建|2室1厅|81.05平米|西南,美城云庭,158万|单价19494.1元/平米,https://cd.ke.com/ershoufang/106105766381.html
183,河东优质房源，113平套四.........,高楼层(共11层)4室2厅|113平米|西南,丽都苑,113.8万|单价10070.8元/平米,https://cd.ke.com/ershoufang/106105766383.html
184,精装套三朝南高楼层，视野很OK，房东收拾的一尘不染,高楼层(共32层)3室2厅|106.94平米|南,百悦天鹅湖,185万|单价17299.4元/平米,https://cd.ke.com/ershoufang/106105766297.html
185,优质套三双卫好房，带标准车位。,低楼层(共34层)|2013年建|3室1厅|77.93平米|东南西北,华润橡树湾B区,129万|单价16553.3元/平米,https://cd.ke.com/ershoufang/106105766170.html
186,凯德精装满二套四，位置安静，适宜居住,中楼层(共21层)|2016年建|4室2厅|111平米|东,凯德世纪名邸,384万|单价34594.6元/平米,https://cd.ke.com/ershoufang/106105766120.html
187,武侯玉林，拎包入住，通透，朝南,中楼层(共7层)|1991年建|2室1厅|77.7平米|东南,玉洁巷8号,108万|单价13899.6元/平米,https://cd.ke.com/ershoufang/106105766075.html
188,金枫名苑精装套三诚心出售，业主比较着急出售,低楼层(共18层)|2013年建|3室1厅|79.95平米|东南,金枫名苑,106万|单价13258.3元/平米,https://cd.ke.com/ershoufang/106105766091.html
189,高桥B3-南区 2室1厅 东南,高楼层(共6层)|2012年建|2室1厅|73.6平米|东南,高桥B3-南区,50万|单价6793.5元/平米,https://cd.ke.com/ershoufang/106105765933.html
190,成都化工研究设计院三楼套二，适合陪读家长，上班族,中楼层(共7层)2室2厅|70平米|东东南,成都化工研究设计院,118万|单价16857.1元/平米,https://cd.ke.com/ershoufang/106105765932.html
191,通达二期 3室2厅 西,高楼层(共8层)3室2厅|103.6平米|西,通达二期,95.8万|单价9247.1元/平米,https://cd.ke.com/ershoufang/106105765863.html
192,龙爪小区 新上标准套二 东西朝向,低楼层(共7层)|1999年建|2室2厅|70.27平米|东,龙爪小区东1号院,84万|单价11953.9元/平米,https://cd.ke.com/ershoufang/106105765776.html
193,16年新小区  地铁口旁 精装带家具打包出售,中楼层(共28层)|2015年建|3室1厅|90.49平米|东南,时代睿城,124万|单价13703.2元/平米,https://cd.ke.com/ershoufang/106105765730.html
194,家乐福商圈 刚需套二 户型方正 采光好 房东诚心出售,低楼层(共24层)|2010年建|2室1厅|83.35平米|东南,格兰鼎城,96万|单价11517.7元/平米,https://cd.ke.com/ershoufang/106105765696.html
195,西财学府阳光 3室2厅 东南,高楼层(共33层)|2013年建|3室2厅|88.36平米|东南,西财学府阳光,107万|单价12109.6元/平米,https://cd.ke.com/ershoufang/106105765669.html
196,标准套三 中庭房 户型通透 居家优选,低楼层(共17层)|2012年建|3室1厅|88.55平米|东南,远洋朗郡,138万|单价15584.4元/平米,https://cd.ke.com/ershoufang/106105765585.html
197,装修套三双卫+客厅带阳台+中楼层对中庭,低楼层(共29层)|2013年建|3室2厅|120.73平米|东南,恒大西锦城,248万|单价20541.7元/平米,https://cd.ke.com/ershoufang/106105765409.html
198,广泽长河郡 2室2厅 东南,低楼层(共2层)2室2厅|85.7平米|东南,广泽长河郡,58万|单价6767.8元/平米,https://cd.ke.com/ershoufang/106105765382.html
199,水碾河路南46号 2室1厅 西南,中楼层(共6层)|1998年建|2室1厅|60.47平米|西南,水碾河路南46号,75万|单价12402.8元/平米,https://cd.ke.com/ershoufang/106105765270.html
200,万达城闲山悦四区 3室1厅 西南,中楼层(共11层)3室1厅|90.28平米|西南,万达城闲山悦四区,77万|单价8529元/平米,https://cd.ke.com/ershoufang/106105765079.html
201,置信逸景苑 2室2厅 西,中楼层(共26层)2室2厅|71.14平米|西,置信逸景苑,76.8万|单价10795.6元/平米,https://cd.ke.com/ershoufang/106105764762.html
202,茶店子公园电梯套三户型方正装修好,中楼层(共34层)|2009年建|3室1厅|89.73平米|东北,西西里二期,205万|单价22846.3元/平米,https://cd.ke.com/ershoufang/106105764737.html
203,二江寺地铁口 套四双卫南北朝向 视野开阔,中楼层(共32层)4室2厅|129.93平米|南,华汇天地,230万|单价17701.8元/平米,https://cd.ke.com/ershoufang/106105764594.html
204,石油小区单位房优质户型简装套二,中楼层(共7层)|1998年建|2室1厅|72.05平米|南,帘官公所街49号,105万|单价14573.2元/平米,https://cd.ke.com/ershoufang/106105764569.html
205,星岛星时区 3室2厅 南,高楼层(共11层)3室2厅|99.65平米|南,星岛星时区,74万|单价7426元/平米,https://cd.ke.com/ershoufang/106105764426.html
206,新出装修套二，中间楼层，视野开阔，房东诚售！,中楼层(共18层)|2008年建|2室1厅|84.16平米|西,东林城市花园,112万|单价13308元/平米,https://cd.ke.com/ershoufang/106105764364.html
207,交桂一巷11号 3室1厅 东南,高楼层(共7层)|1999年建|3室1厅|86.21平米|东南,交桂一巷11号,118万|单价13687.5元/平米,https://cd.ke.com/ershoufang/106105764345.html
208,蓝光幸福满庭+自住装修+对中庭,中楼层(共26层)|2015年建|3室2厅|69.62平米|东南西北,蓝光幸福满庭,116万|单价16661.9元/平米,https://cd.ke.com/ershoufang/106105764302.html
209,百草路商圈万科城开发商统一装修套四,中楼层(共23层)|2017年建|4室2厅|114.27平米|西南,万科城,210万|单价18377.5元/平米,https://cd.ke.com/ershoufang/106105764187.html
210,龙井桂苑 2室1厅 南,中楼层(共11层)2室1厅|87.57平米|南,龙井桂苑,102万|单价11647.8元/平米,https://cd.ke.com/ershoufang/106105764038.html
211,地铁口小套二.采光无遮当.双阳台主次卧落地窗加飘窗,中楼层(共18层)|2012年建|2室1厅|69.57平米|东,旺府豪庭,78.8万|单价11326.7元/平米,https://cd.ke.com/ershoufang/106105764010.html
212,翰林上岛 2室1厅 西 西南,低楼层(共16层)|2008年建|2室1厅|65.07平米|西西南,翰林上岛,89万|单价13677.6元/平米,https://cd.ke.com/ershoufang/106105763950.html
213,自住随时签合同，满2年，随时可以找我看，有钥匙,中楼层(共33层)|2016年建|3室1厅|88.07平米|东北,溪地湾,134万|单价15215.2元/平米,https://cd.ke.com/ershoufang/106105763860.html
214,珑熙郡满两年三居 装修很新 近北二外,低楼层(共17层)|2017年建|3室1厅|74.21平米|北,珑熙郡,171.5万|单价23110.1元/平米,https://cd.ke.com/ershoufang/106105763637.html
215,筒车巷18号 2室1厅 南,中楼层(共6层)|1994年建|2室1厅|59.3平米|南,筒车巷18号,79.8万|单价13457元/平米,https://cd.ke.com/ershoufang/106105763617.html
216,锦绣华都 2室2厅 东南,高楼层(共13层)|2005年建|2室2厅|83.03平米|东南,锦绣华都,95万|单价11441.6元/平米,https://cd.ke.com/ershoufang/106105763589.html
217,天空城 2室2厅 西南,高楼层(共28层)|2010年建|2室2厅|88.03平米|西南,天空城,128万|单价14540.5元/平米,https://cd.ke.com/ershoufang/106105763575.html
218,蓝色理想套二  户型方正 有装修,低楼层(共26层)|2006年建|2室2厅|85.66平米|东南,劲力蓝色理想,96万|单价11207.1元/平米,https://cd.ke.com/ershoufang/106105763454.html
219,万卷山经典套三户型 超精装修 朝南,高楼层(共34层)|2013年建|3室2厅|89.06平米|南,首创万卷山,148万|单价16618元/平米,https://cd.ke.com/ershoufang/106105763443.html
220,龙湖金楠天街 2室1厅 东南,中楼层(共24层)|2015年建|2室1厅|78.14平米|东南,龙湖金楠天街,155万|单价19836.2元/平米,https://cd.ke.com/ershoufang/106105763418.html
221,高铁站旁，交通方便，户型方正，采光好，配套实施完全,中楼层(共6层)2室1厅|82.94平米|东南,紫荆城,68万|单价8198.7元/平米,https://cd.ke.com/ershoufang/106105763284.html
222,戛纳湾滨江 2室1厅 东南,高楼层(共32层)|2010年建|2室1厅|64.16平米|东南,戛纳湾滨江,123.5万|单价19248.8元/平米,https://cd.ke.com/ershoufang/106105763203.html
223,精装套二对中庭，青龙湖一街之隔,中楼层(共24层)|2015年建|2室1厅|80.22平米|南,上东阳光艾特公馆,120万|单价14958.9元/平米,https://cd.ke.com/ershoufang/106105763027.html
224,天府广场，精装套三，户型方正，无浪费面积！,低楼层(共7层)3室1厅|76平米|南,东华门街8号,258万|单价33947.4元/平米,https://cd.ke.com/ershoufang/106105762962.html
225,富力桃园，标准套三户型 单价大优惠满两年,中楼层(共32层)3室1厅|93.43平米|东北北,富力桃园B区,108万|单价11559.5元/平米,https://cd.ke.com/ershoufang/106105762865.html
226,户型方正，中间楼层，位置安静.,高楼层(共33层)|2017年建|4室1厅|160.19平米|西南,恒大天府半岛,293万|单价18290.8元/平米,https://cd.ke.com/ershoufang/106105762796.html
227,标准小套三，对中庭+采光好，无遮挡视野开阔。,低楼层(共18层)|2007年建|3室1厅|88.4平米|西南西北,西线阳光,133万|单价15045.2元/平米,https://cd.ke.com/ershoufang/106105762763.html
228,保利公园里 3室1厅 南,中楼层(共29层)3室1厅|104.66平米|南,保利公园里,180万|单价17198.5元/平米,https://cd.ke.com/ershoufang/106105762713.html
229,锦江城市花园二期 2室1厅 东北,高楼层(共34层)|2010年建|2室1厅|72.14平米|东北,锦江城市花园二期,127万|单价17604.7元/平米,https://cd.ke.com/ershoufang/106105762568.html
230,中华名园 精装方正套三 中高楼层对中庭 临大悦城,高楼层(共16层)|2009年建|3室1厅|88.73平米|西北,中华名园二期,168万|单价18933.8元/平米,https://cd.ke.com/ershoufang/106105762466.html
231,一环内 标准套三 看房要提前预约,高楼层(共6层)|2000年建|3室2厅|94.84平米|南,马鞍北路社区,104万|单价10965.8元/平米,https://cd.ke.com/ershoufang/106105762453.html
232,洲际亚洲湾A区 3室2厅 东北,中楼层(共32层)|2017年建|3室2厅|91.02平米|东北,洲际亚洲湾A区,153万|单价16809.5元/平米,https://cd.ke.com/ershoufang/106105762433.html
233,中节能新时代广场 2室1厅 东南,高楼层(共23层)2室1厅|68.3平米|东南,中节能新时代广场,59.5万|单价8711.6元/平米,https://cd.ke.com/ershoufang/106105762426.html
234,鹭岛国际三期 4室2厅 东南,低楼层(共17层)|2010年建|4室2厅|161.02平米|东南,鹭岛国际三期,385万|单价23910.1元/平米,https://cd.ke.com/ershoufang/106105762393.html
235,东山领地套二装修房出售，采光好。,高楼层(共32层)2室1厅|78.25平米|东南,东山领地,84万|单价10734.8元/平米,https://cd.ke.com/ershoufang/106105762291.html
236,视野开阔， 无遮挡，精装修，安静不临街，朝南,高楼层(共23层)|2012年建|3室2厅|88平米|南,欧洲印象,132万|单价15000元/平米,https://cd.ke.com/ershoufang/106105762119.html
237,金牛区简装 套二映日荷花，房东很诚心。,低楼层(共22层)|2009年建|2室2厅|86.34平米|南,映日荷花,109万|单价12624.5元/平米,https://cd.ke.com/ershoufang/106105762105.html
238,银河花园 2室1厅 北,中楼层(共6层)|2006年建|2室1厅|87.5平米|北,银河花园,98万|单价11200元/平米,https://cd.ke.com/ershoufang/106105761839.html
239,中庭三房，通透横厅方显尊贵，精装修拎包入住,低楼层(共27层)|2014年建|3室2厅|90.17平米|南,西班牙森林二期,116万|单价12864.6元/平米,https://cd.ke.com/ershoufang/106105761817.html
240,保利精装套四双卫，拎包入住，人车分流，无增 值税,高楼层(共27层)|2018年建|4室1厅|109.06平米|北,保利林语溪一期,195万|单价17880.1元/平米,https://cd.ke.com/ershoufang/106105761679.html
241,江安河畔，阔野中层，揽绿傍河， 入园首座，一梯两户,中楼层(共10层)|2017年建|4室1厅|122.74平米|西南南,金河谷五期,203万|单价16539元/平米,https://cd.ke.com/ershoufang/106105761573.html
242,沪苑 2室1厅 南,中楼层(共6层)2室1厅|62.78平米|南,沪苑,53万|单价8442.2元/平米,https://cd.ke.com/ershoufang/106105761382.html
243,戛纳湾滨江标准套二可做套三精装,高楼层(共32层)|2010年建|2室1厅|83.5平米|东南,戛纳湾滨江,173万|单价20718.6元/平米,https://cd.ke.com/ershoufang/106105761362.html
244,竹林公寓新上套二，精装修，业主很诚心,高楼层(共7层)|2000年建|2室2厅|94.56平米|东,竹林公寓,155万|单价16391.7元/平米,https://cd.ke.com/ershoufang/106105761193.html
245,保利城四期装修三房双卫 ，南北通透,高楼层(共25层)|2016年建|3室1厅|95.19平米|南北,保利城四期中央郡,140万|单价14707.4元/平米,https://cd.ke.com/ershoufang/106105761115.html
246,都江逸家 3室1厅 东南,中楼层(共5层)3室1厅|108.4平米|东南,都江逸家,112万|单价10332.1元/平米,https://cd.ke.com/ershoufang/106105761111.html
247,河东新区，装修套二，朝向好，采光好，拎包入住,中楼层(共16层)2室1厅|78.6平米|东,园中苑A区,89.8万|单价11424.9元/平米,https://cd.ke.com/ershoufang/106105761031.html
248,府南河边 外曹28号 华西单位房 近红星桥地铁口,高楼层(共7层)|1998年建|3室2厅|113.73平米|东南,外曹家巷28号,120万|单价10551.3元/平米,https://cd.ke.com/ershoufang/106105760975.html
249,美城云庭精装套三，带暖气，对小区中庭,高楼层(共32层)|2014年建|3室2厅|131.28平米|西,美城云庭,240万|单价18281.5元/平米,https://cd.ke.com/ershoufang/106105760906.html
250,营中巷32号 3室1厅 东南,高楼层(共7层)|1995年建|3室1厅|66.8平米|东南,营中巷32号,99.8万|单价14940.1元/平米,https://cd.ke.com/ershoufang/106105760793.html
251,御源大湖区+别墅旁+精装小洋房,中楼层(共6层)|2012年建|3室2厅|102.97平米|南北,御源大湖区,153万|单价14858.7元/平米,https://cd.ke.com/ershoufang/106105760788.html
252,对中庭，精装套二，中间楼层，随时看房,中楼层(共32层)|2013年建|2室1厅|49平米|东南,华润橡树湾A区,81万|单价16530.6元/平米,https://cd.ke.com/ershoufang/106105760773.html
253,户型方正，居家装修套二，中间楼层,中楼层(共6层)2室1厅|68.88平米|东南,青铁家园,80万|单价11614.4元/平米,https://cd.ke.com/ershoufang/106105760767.html
254,银诚精装套三双卫  居家装修 带家具家电出售,高楼层(共34层)3室2厅|107.94平米|西南,银诚龙悦中心,135万|单价12506.9元/平米,https://cd.ke.com/ershoufang/106105760679.html
255,西锦国际一期 2室1厅 东南,中楼层(共23层)|2009年建|2室1厅|71.86平米|东南,西锦国际一期,135万|单价18786.5元/平米,https://cd.ke.com/ershoufang/106105760640.html
256,省政府单位房+两梯两户+户型通透+产权清晰.,低楼层(共18层)|2011年建|3室2厅|165.78平米|东南,益州蓉苑,310万|单价18699.5元/平米,https://cd.ke.com/ershoufang/106105760591.html
257,武侯二环蓝光现房精装大套四户型,低楼层(共17层)|2019年建|4室2厅|146平米|西南,蓝光雍锦世家,438万|单价30000元/平米,https://cd.ke.com/ershoufang/106105760508.html
258,金科一城 带花园标准套二  朝南采光好,低楼层(共20层)|2012年建|2室1厅|69.4平米|南,金科一城,160万|单价23054.8元/平米,https://cd.ke.com/ershoufang/106105760454.html
259,房子户型方正，楼层好，视野宽阔，采光充足。,高楼层(共32层)3室2厅|97平米|南,置信逸景苑,94万|单价9690.7元/平米,https://cd.ke.com/ershoufang/106105760323.html
260,蜀都惠园标准套二，对中庭，诚心出售,低楼层(共27层)|2010年建|2室1厅|71.15平米|东南,蜀都惠园,136万|单价19114.5元/平米,https://cd.ke.com/ershoufang/106105760293.html
261,芙蓉名城C区 3室1厅 东南,中楼层(共18层)|2010年建|3室1厅|146.01平米|东南,芙蓉名城C区,180万|单价12327.9元/平米,https://cd.ke.com/ershoufang/106105760251.html
262,绿地世纪城精致小套三，朝西看游泳池，中庭视野,中楼层(共20层)|2016年建|3室2厅|86.48平米|西,绿地世纪城,157万|单价18154.5元/平米,https://cd.ke.com/ershoufang/106105760060.html
263,此房房东诚心出售，看房子方便，多多带看,高楼层(共33层)2室2厅|86平米|东南,山水四季城,100万|单价11627.9元/平米,https://cd.ke.com/ershoufang/106105759997.html
264,慕和南道 百米楼间距 30万精装套四,低楼层(共32层)|2010年建|4室2厅|131.54平米|南北,慕和南道,268万|单价20374元/平米,https://cd.ke.com/ershoufang/106105759993.html
265,金科东方雅郡精装套二户型中层满二,中楼层(共32层)2室1厅|67.39平米|东南,金科东方雅郡一期,110万|单价16322.9元/平米,https://cd.ke.com/ershoufang/106105759953.html
266,兴元绿洲标准套三对中庭，采光无遮挡，直接拎包入住,低楼层(共22层)|2007年建|3室1厅|112.54平米|东,兴元绿洲一期,152万|单价13506.3元/平米,https://cd.ke.com/ershoufang/106105759859.html
267,该房屋内干净整齐，温馨居住方便舒适交通便利,低楼层(共7层)2室2厅|86平米|东南,四川空分厂,62万|单价7209.3元/平米,https://cd.ke.com/ershoufang/106105759805.html
268,万科金域西岭 4室2厅 南,低楼层(共32层)|2012年建|4室2厅|168.22平米|南,万科金域西岭,360万|单价21400.5元/平米,https://cd.ke.com/ershoufang/106105759747.html
269,东方丽苑 2室1厅 西,低楼层(共29层)|2010年建|2室1厅|69.93平米|西,东方丽苑,89万|单价12727元/平米,https://cd.ke.com/ershoufang/106105759714.html
270,鑫苑名家通透户型装修保养好 双阳台全看中庭,中楼层(共34层)|2011年建|3室1厅|104.46平米|东南,鑫苑名家一期,185万|单价17710.1元/平米,https://cd.ke.com/ershoufang/106105759680.html
271,自由自宅 2室1厅 南 北,中楼层(共11层)|2005年建|2室1厅|83.61平米|南北,自由自宅,155万|单价18538.5元/平米,https://cd.ke.com/ershoufang/106105759600.html
272,雕墅 2室1厅 西北,高楼层(共33层)|2007年建|2室1厅|73.31平米|西北,雕墅,249.9万|单价34088.1元/平米,https://cd.ke.com/ershoufang/106105759576.html
273,读锦辉，位置安静全部对中庭，标准套四保养好拎包住,低楼层(共33层)|2011年建|4室2厅|148.99平米|东南,长城半岛城邦二期,472万|单价31680元/平米,https://cd.ke.com/ershoufang/106105759557.html
274,精装修，套三双卫，朝中庭，安静不吵，房东稳定。,低楼层(共30层)|2016年建|3室2厅|98平米|西北,南湖世纪,192万|单价19591.8元/平米,https://cd.ke.com/ershoufang/106105759513.html
275,麓山国际半月湾 精装房 朝南 别墅视野 拎包入住,中楼层(共29层)|2013年建|3室1厅|174.43平米|南,麓山国际半月湾,375万|单价21498.6元/平米,https://cd.ke.com/ershoufang/106105759418.html
276,蓝光花满庭  套三 对中庭  诚心出售,低楼层(共21层)|2009年建|3室2厅|85.96平米|南,蓝光花满庭一期,150万|单价17450元/平米,https://cd.ke.com/ershoufang/106105759400.html
277,保利城一期 2室1厅 北,高楼层(共18层)|2014年建|2室1厅|74.85平米|北,保利城一期,100万|单价13360.1元/平米,https://cd.ke.com/ershoufang/106105759294.html
278,东郊记忆：二仙桥地铁口：朗基少东家：新小区,低楼层(共32层)|2017年建|2室2厅|60.02平米|东,朗基少东家,156.5万|单价26074.6元/平米,https://cd.ke.com/ershoufang/106105759251.html
279,万科金域蓝湾一期 2室1厅 东南 西北,高楼层(共35层)|2009年建|2室1厅|85.49平米|东南西北,万科金域蓝湾一期,195万|单价22809.7元/平米,https://cd.ke.com/ershoufang/106105759107.html
280,荣光巷 2室1厅 南,中楼层(共6层)|1995年建|2室1厅|51.4平米|南,荣光巷,60万|单价11673.2元/平米,https://cd.ke.com/ershoufang/106105759023.html
281,业主急售， 2015年精装修。带家具家电，客卧室带阳台,高楼层(共7层)|1990年建|2室1厅|63.17平米|东南,西体路新二村,70万|单价11081.2元/平米,https://cd.ke.com/ershoufang/106105759018.html
282,富力桃园  地铁口  装修房  中间楼层 产权满两年,低楼层(共32层)|2015年建|3室2厅|107平米|东南,富力桃园A区,114.5万|单价10700.9元/平米,https://cd.ke.com/ershoufang/106105758930.html
283,富丽东方  标准套二出售  业主自住装修,低楼层(共18层)|2008年建|2室2厅|77.99平米|东南,富丽东方,140万|单价17951元/平米,https://cd.ke.com/ershoufang/106105758776.html
284,川航单位房 套三带楼顶花园 诚心出售,高楼层(共7层)|1998年建|3室2厅|93.15平米|东南,兴蓉北街3号,129.9万|单价13945.2元/平米,https://cd.ke.com/ershoufang/106105758751.html
285,上东一号三期新上套三  全款房，满2年,高楼层(共18层)|2014年建|3室2厅|91.4平米|北,上东一号三期,173万|单价18927.8元/平米,https://cd.ke.com/ershoufang/106105758664.html
286,西西里二期看公园套一，中间楼层，位置安静,中楼层(共34层)|2009年建|1室1厅|47.32平米|南,西西里二期,98万|单价20710.1元/平米,https://cd.ke.com/ershoufang/106105758637.html
287,郫县新城 图书馆旁 精装套三双卫 对中庭 地铁口,中楼层(共26层)|2016年建|3室1厅|84.59平米|西北,龙光君悦华庭一期,106万|单价12531元/平米,https://cd.ke.com/ershoufang/106105758601.html
288,红运花园佳苑 3室1厅 东南,中楼层(共7层)|1999年建|3室1厅|80.88平米|东南,红运花园佳苑,103万|单价12734.9元/平米,https://cd.ke.com/ershoufang/106105758581.html
289,十二桥路37号 4室1厅 东,低楼层(共7层)|2000年建|4室1厅|137.14平米|东,十二桥路37号,260万|单价18958.7元/平米,https://cd.ke.com/ershoufang/106105758575.html
290,万科物业首创东公元精装对中庭优质套三,高楼层(共34层)|2012年建|3室2厅|89.59平米|东南,首创东公元,156万|单价17412.7元/平米,https://cd.ke.com/ershoufang/106105758509.html
291,标准大套三，精装修，安静不临街，业主诚心出售,低楼层(共32层)|2009年建|3室2厅|119.51平米|南北,都会风尚,283万|单价23680元/平米,https://cd.ke.com/ershoufang/106105758367.html
292,佳年华新生活 3室1厅 东南,低楼层(共34层)|2016年建|3室1厅|79平米|东南,佳年华新生活,128万|单价16202.5元/平米,https://cd.ke.com/ershoufang/106105758284.html
293,东方丽苑 2室1厅 西南,低楼层(共29层)2室1厅|71.1平米|西南,东方丽苑,90万|单价12658.2元/平米,https://cd.ke.com/ershoufang/106105758114.html
294,原有色金属公司宿舍，低楼层无公摊，诚心出售,低楼层(共7层)|1991年建|2室1厅|52.55平米|东北,公平巷23号,152万|单价28924.8元/平米,https://cd.ke.com/ershoufang/106105758067.html
295,总价低 03年家属院 装修房标准套二,高楼层(共6层)2室1厅|71平米|东南,食研院小区,42万|单价5915.5元/平米,https://cd.ke.com/ershoufang/106105758052.html
296,缤纷年华+小套三+精装修+自住,中楼层(共32层)|2016年建|3室1厅|69.85平米|南,缤纷年华,87万|单价12455.3元/平米,https://cd.ke.com/ershoufang/106105758046.html
297,皇后国际 居家套二 房东诚心出售 东,低楼层(共32层)|2009年建|2室1厅|68.86平米|东,皇后国际,330万|单价47923.3元/平米,https://cd.ke.com/ershoufang/106105757994.html
298,橡树湾小户型套二带衣帽间，精装修家具家电齐全，,高楼层(共32层)|2013年建|2室1厅|62.54平米|东南,华润橡树湾A区,90万|单价14390.8元/平米,https://cd.ke.com/ershoufang/106105757947.html
299,莲花新区 2室1厅 南,高楼层(共7层)|2002年建|2室1厅|85.5平米|南,莲花新区,170万|单价19883元/平米,https://cd.ke.com/ershoufang/106105757943.html
